{
    "src/addons/SXF/ET/addon.json": "d9c8a3d45055d28d60121aa8c0eff051237ca31b4fd9b8c8b58b8d76bd442885",
    "src/addons/SXF/ET/Setup.php": "c04c97889890ec5d4282154ef79480841f8922053cddc44f67a95c3e0ddb5c52",
    "src/addons/SXF/ET/Widget/EventTimer.php": "b1b1b892c127f7a036bf4de6d670aea1e5ed7e72f03e07dab51ea14f292b1af3",
    "src/addons/SXF/ET/_data/phrases.xml": "f4fa7ddb5be654cc1a7935e151a2effe7f6251ff9409d66f0326b2fa3c9c0c74",
    "src/addons/SXF/ET/_data/templates.xml": "69bb98c581dd29d540c115a46565b62ad7f563932096f55ac5ea21e894dc7db0",
    "src/addons/SXF/ET/_data/widget_definitions.xml": "58f910ab36ffca5cd66f7401d18ffe391de1cf99f5ec0e5355343e5e4ab350ba"
}