{
    "js/sxf/et/EventTimer.js": "78c419298d7fac3dc09383ab9d10b73ef933ffcbc67bb09ec1c0bf5a662f6685",
    "src/addons/SXF/ET/addon.json": "998c1634d8254e574d0dacbedacd8a3d486fd14bf85c18e0fb4edbff571519f8",
    "src/addons/SXF/ET/Widget/EventTimer.php": "8be737022e0dd13ef0acd90b9d143b01a1e7e10bad7025cc5f87d436af53baa8",
    "src/addons/SXF/ET/_data/phrases.xml": "65d84892a3fbd59990caad90ce1ff96e6e3ecc243548af9bcf1b810deb3d48a8",
    "src/addons/SXF/ET/_data/templates.xml": "caf999b3818a18971799d0ed69d51e639206dcb3dea65daf979628370303f74e",
    "src/addons/SXF/ET/_data/template_modifications.xml": "480456374b6f94a100908e1d0367398267459e9577fbf0869f6567ff00202b14",
    "src/addons/SXF/ET/_data/widget_definitions.xml": "58f910ab36ffca5cd66f7401d18ffe391de1cf99f5ec0e5355343e5e4ab350ba"
}