{
    "src/addons/SXF/ET/addon.json": "a94be906a474307c5f12c6be932fd39133c7ec2a8147f2509fada4189a6ec6ee",
    "src/addons/SXF/ET/Widget/EventTimer.php": "d2267f41c817db31cb993558ce63c1c23b9432a025ef2a19644fe5e383de7a6b",
    "src/addons/SXF/ET/_data/phrases.xml": "f4fa7ddb5be654cc1a7935e151a2effe7f6251ff9409d66f0326b2fa3c9c0c74",
    "src/addons/SXF/ET/_data/templates.xml": "a745b5953d205cf3f3fa85d7e6d9c1ab87dceae08443331984726730d2cfc175",
    "src/addons/SXF/ET/_data/widget_definitions.xml": "58f910ab36ffca5cd66f7401d18ffe391de1cf99f5ec0e5355343e5e4ab350ba"
}